{"maximums": {"gas": 6758383, "input": 1433612, "gasPrice": 36267774588438875, "value": 11901464.23948}, "minimums": {"gas": 21000, "input": 2, "gasPrice": 0, "value": 0.0}, "commulated": {"gas": 9379396819027, "input": 6554354196, "gasPrice": 1899226293707655050, "value": 4110059719.9851727}}