{"1507217188.0": 19567.65518513055, "1491492388.0": 2634.533374216899, "1462461988.0": 1436.3795414378403, "1451575588.0": 1286.7393574012342, "1456413988.0": 1136.5157572303747, "1508426788.0": 20284.65619175305, "1472138788.0": 1571.7319429354245, "1447946788.0": 864.7118570121737, "1502378788.0": 10030.43891005969, "1444317988.0": 766.6983324911572, "1496330788.0": 5626.3946469918765, "1467300388.0": 1700.8828289059998, "1490282788.0": 2436.280748631207, "1479396388.0": 1451.4106182557412, "1461252388.0": 1414.2048737104233, "1439479588.0": 616.8028376589314, "1455204388.0": 1153.8205587036484, "1475767588.0": 1625.8398061686473, "1478186788.0": 1527.8507046616076, "1449156388.0": 816.5098598784281, "1501169188.0": 9479.58471032628, "1452785188.0": 1155.5969466941333, "1443108388.0": 764.5927488313761, "1495121188.0": 3421.163677560582, "1466090788.0": 1493.753054441803, "1468509988.0": 1446.3887588098955, "1489073188.0": 1918.351516950662, "1460042788.0": 1438.0533208495306, "1484234788.0": 1593.4231280825868, "1483025188.0": 1511.879334782198, "1464881188.0": 1670.6956532066508, "1453994788.0": 1095.903191897382, "1506007588.0": 17115.13419680872, "1441898788.0": 734.6572931580895, "1499959588.0": 9395.423690403557, "1470929188.0": 1567.705961738801, "1493911588.0": 2903.8094625, "1476977188.0": 3117.8596081037776, "1487863588.0": 1740.7832417842599, "1473348388.0": 1632.6861619664137, "1440689188.0": 659.712926904435, "1504797988.0": 17589.62556579373, "1450365988.0": 1005.24967126193, "1446737188.0": 791.1344818432046, "1498749988.0": 8627.874419785832, "1469719588.0": 1570.01880550648, "1485444388.0": 1614.8009961405455, "1492701988.0": 2491.7120482370674, "1463671588.0": 1561.0491540896535, "1486653988.0": 1616.459379773365, "1481815588.0": 1521.261583943841, "1457623588.0": 1221.6048958007564, "1480605988.0": 1639.3922694447733, "1458833188.0": 1444.1048612751986, "1503588388.0": 15169.164496065427, "1445527588.0": 791.1717225347262, "1497540388.0": 7511.62691048035, "1474557988.0": 1647.3947062452544}